﻿<?xml version="1.0" encoding="utf-8"?>
<ImportExportXml version="9.2.25095.168" SolutionPackageVersion="9.2" languagecode="1033" generatedBy="CrmLive" xmlns:xsi="http://www.w3.org/2001/XMLSchema-instance" OrganizationVersion="9.2.25095.168" OrganizationSchemaType="Standard" CRMServerServiceabilityVersion="9.2.25095.00169">
  <SolutionManifest>
    <UniqueName>govcdm_dataintegration</UniqueName>
    <LocalizedNames>
      <LocalizedName description="Gov CDM - Data Integration" languagecode="1033" />
    </LocalizedNames>
    <Descriptions />
    <Version>1.0.0.0</Version>
    <Managed>0</Managed>
    <Publisher>
      <UniqueName>microsoftgovcdm</UniqueName>
      <LocalizedNames>
        <LocalizedName description="Microsoft Government Common Data Model" languagecode="1033" />
      </LocalizedNames>
      <Descriptions>
        <Description description="microsoftgovcdm" languagecode="1033" />
      </Descriptions>
      <EMailAddress xsi:nil="true"></EMailAddress>
      <SupportingWebsiteUrl xsi:nil="true"></SupportingWebsiteUrl>
      <CustomizationPrefix>govcdm</CustomizationPrefix>
      <CustomizationOptionValuePrefix>16684</CustomizationOptionValuePrefix>
      <Addresses>
        <Address>
          <AddressNumber>1</AddressNumber>
          <AddressTypeCode>1</AddressTypeCode>
          <City xsi:nil="true"></City>
          <County xsi:nil="true"></County>
          <Country xsi:nil="true"></Country>
          <Fax xsi:nil="true"></Fax>
          <FreightTermsCode xsi:nil="true"></FreightTermsCode>
          <ImportSequenceNumber xsi:nil="true"></ImportSequenceNumber>
          <Latitude xsi:nil="true"></Latitude>
          <Line1 xsi:nil="true"></Line1>
          <Line2 xsi:nil="true"></Line2>
          <Line3 xsi:nil="true"></Line3>
          <Longitude xsi:nil="true"></Longitude>
          <Name xsi:nil="true"></Name>
          <PostalCode xsi:nil="true"></PostalCode>
          <PostOfficeBox xsi:nil="true"></PostOfficeBox>
          <PrimaryContactName xsi:nil="true"></PrimaryContactName>
          <ShippingMethodCode>1</ShippingMethodCode>
          <StateOrProvince xsi:nil="true"></StateOrProvince>
          <Telephone1 xsi:nil="true"></Telephone1>
          <Telephone2 xsi:nil="true"></Telephone2>
          <Telephone3 xsi:nil="true"></Telephone3>
          <TimeZoneRuleVersionNumber xsi:nil="true"></TimeZoneRuleVersionNumber>
          <UPSZone xsi:nil="true"></UPSZone>
          <UTCOffset xsi:nil="true"></UTCOffset>
          <UTCConversionTimeZoneCode xsi:nil="true"></UTCConversionTimeZoneCode>
        </Address>
        <Address>
          <AddressNumber>2</AddressNumber>
          <AddressTypeCode>1</AddressTypeCode>
          <City xsi:nil="true"></City>
          <County xsi:nil="true"></County>
          <Country xsi:nil="true"></Country>
          <Fax xsi:nil="true"></Fax>
          <FreightTermsCode xsi:nil="true"></FreightTermsCode>
          <ImportSequenceNumber xsi:nil="true"></ImportSequenceNumber>
          <Latitude xsi:nil="true"></Latitude>
          <Line1 xsi:nil="true"></Line1>
          <Line2 xsi:nil="true"></Line2>
          <Line3 xsi:nil="true"></Line3>
          <Longitude xsi:nil="true"></Longitude>
          <Name xsi:nil="true"></Name>
          <PostalCode xsi:nil="true"></PostalCode>
          <PostOfficeBox xsi:nil="true"></PostOfficeBox>
          <PrimaryContactName xsi:nil="true"></PrimaryContactName>
          <ShippingMethodCode>1</ShippingMethodCode>
          <StateOrProvince xsi:nil="true"></StateOrProvince>
          <Telephone1 xsi:nil="true"></Telephone1>
          <Telephone2 xsi:nil="true"></Telephone2>
          <Telephone3 xsi:nil="true"></Telephone3>
          <TimeZoneRuleVersionNumber xsi:nil="true"></TimeZoneRuleVersionNumber>
          <UPSZone xsi:nil="true"></UPSZone>
          <UTCOffset xsi:nil="true"></UTCOffset>
          <UTCConversionTimeZoneCode xsi:nil="true"></UTCConversionTimeZoneCode>
        </Address>
      </Addresses>
    </Publisher>
    <RootComponents>
      <RootComponent type="1" schemaName="govcdm_integrationcommitpolicy" behavior="0" />
      <RootComponent type="1" schemaName="govcdm_integrationidentifier" behavior="0" />
      <RootComponent type="1" schemaName="govcdm_integrationledger" behavior="0" />
      <RootComponent type="1" schemaName="govcdm_integrationsyncitem" behavior="0" />
      <RootComponent type="1" schemaName="govcdm_integrationsyncjob" behavior="0" />
      <RootComponent type="1" schemaName="govcdm_integrationvaluemap" behavior="0" />
      <RootComponent type="1" schemaName="systemuser" behavior="1" />
      <RootComponent type="9" schemaName="govcdm_integrationcommitmode" behavior="0" />
      <RootComponent type="9" schemaName="govcdm_ledgeraspect" behavior="0" />
    </RootComponents>
    <MissingDependencies>
      <MissingDependency>
        <Required type="9" schemaName="govcdm_direction" displayName="Direction" solution="govcdm_core (1.1.0.0)" />
        <Dependent type="2" schemaName="govcdm_direction" displayName="Direction" parentSchemaName="govcdm_integrationsyncjob" parentDisplayName="Integration Sync Job" />
      </MissingDependency>
      <MissingDependency>
        <Required type="9" schemaName="govcdm_overallresult" displayName="Overall Result" solution="govcdm_core (1.1.0.0)" />
        <Dependent type="2" schemaName="govcdm_jobstatus" displayName="Job Status" parentSchemaName="govcdm_integrationsyncjob" parentDisplayName="Integration Sync Job" />
      </MissingDependency>
      <MissingDependency>
        <Required type="9" schemaName="govcdm_simplecertificationstatus" displayName="Simple Certification Status" solution="govcdm_core (1.1.0.0)" />
        <Dependent type="2" schemaName="govcdm_ledgerstatus" displayName="Ledger Status" parentSchemaName="govcdm_integrationledger" parentDisplayName="Integration Ledger" />
      </MissingDependency>
      <MissingDependency>
        <Required type="9" schemaName="govcdm_yesno" displayName="Yes No" solution="govcdm_core (1.1.0.0)" />
        <Dependent type="2" schemaName="govcdm_autocertify" displayName="Auto Certify" parentSchemaName="govcdm_integrationcommitpolicy" parentDisplayName="Integration Commit Policy" />
      </MissingDependency>
    </MissingDependencies>
  </SolutionManifest>
</ImportExportXml>