﻿<?xml version="1.0" encoding="utf-8"?>
<ImportExportXml version="9.2.24032.208" SolutionPackageVersion="9.2" languagecode="1033" generatedBy="CrmLive" xmlns:xsi="http://www.w3.org/2001/XMLSchema-instance">
  <SolutionManifest>
    <UniqueName>govcdm_executivecoordination</UniqueName>
    <LocalizedNames>
      <LocalizedName description="Gov CDM - Executive Coordination" languagecode="1033" />
    </LocalizedNames>
    <Descriptions />
    <Version>1.0.0.0</Version>
    <Managed>1</Managed>
    <Publisher>
      <UniqueName>microsoftgovcdm</UniqueName>
      <LocalizedNames>
        <LocalizedName description="Microsoft Government Common Data Model" languagecode="1033" />
      </LocalizedNames>
      <Descriptions>
        <Description description="microsoftgovcdm" languagecode="1033" />
      </Descriptions>
      <EMailAddress xsi:nil="true"></EMailAddress>
      <SupportingWebsiteUrl xsi:nil="true"></SupportingWebsiteUrl>
      <CustomizationPrefix>govcdm</CustomizationPrefix>
      <CustomizationOptionValuePrefix>16684</CustomizationOptionValuePrefix>
      <Addresses>
        <Address>
          <AddressNumber>1</AddressNumber>
          <AddressTypeCode>1</AddressTypeCode>
          <City xsi:nil="true"></City>
          <County xsi:nil="true"></County>
          <Country xsi:nil="true"></Country>
          <Fax xsi:nil="true"></Fax>
          <FreightTermsCode xsi:nil="true"></FreightTermsCode>
          <ImportSequenceNumber xsi:nil="true"></ImportSequenceNumber>
          <Latitude xsi:nil="true"></Latitude>
          <Line1 xsi:nil="true"></Line1>
          <Line2 xsi:nil="true"></Line2>
          <Line3 xsi:nil="true"></Line3>
          <Longitude xsi:nil="true"></Longitude>
          <Name xsi:nil="true"></Name>
          <PostalCode xsi:nil="true"></PostalCode>
          <PostOfficeBox xsi:nil="true"></PostOfficeBox>
          <PrimaryContactName xsi:nil="true"></PrimaryContactName>
          <ShippingMethodCode>1</ShippingMethodCode>
          <StateOrProvince xsi:nil="true"></StateOrProvince>
          <Telephone1 xsi:nil="true"></Telephone1>
          <Telephone2 xsi:nil="true"></Telephone2>
          <Telephone3 xsi:nil="true"></Telephone3>
          <TimeZoneRuleVersionNumber xsi:nil="true"></TimeZoneRuleVersionNumber>
          <UPSZone xsi:nil="true"></UPSZone>
          <UTCOffset xsi:nil="true"></UTCOffset>
          <UTCConversionTimeZoneCode xsi:nil="true"></UTCConversionTimeZoneCode>
        </Address>
        <Address>
          <AddressNumber>2</AddressNumber>
          <AddressTypeCode>1</AddressTypeCode>
          <City xsi:nil="true"></City>
          <County xsi:nil="true"></County>
          <Country xsi:nil="true"></Country>
          <Fax xsi:nil="true"></Fax>
          <FreightTermsCode xsi:nil="true"></FreightTermsCode>
          <ImportSequenceNumber xsi:nil="true"></ImportSequenceNumber>
          <Latitude xsi:nil="true"></Latitude>
          <Line1 xsi:nil="true"></Line1>
          <Line2 xsi:nil="true"></Line2>
          <Line3 xsi:nil="true"></Line3>
          <Longitude xsi:nil="true"></Longitude>
          <Name xsi:nil="true"></Name>
          <PostalCode xsi:nil="true"></PostalCode>
          <PostOfficeBox xsi:nil="true"></PostOfficeBox>
          <PrimaryContactName xsi:nil="true"></PrimaryContactName>
          <ShippingMethodCode>1</ShippingMethodCode>
          <StateOrProvince xsi:nil="true"></StateOrProvince>
          <Telephone1 xsi:nil="true"></Telephone1>
          <Telephone2 xsi:nil="true"></Telephone2>
          <Telephone3 xsi:nil="true"></Telephone3>
          <TimeZoneRuleVersionNumber xsi:nil="true"></TimeZoneRuleVersionNumber>
          <UPSZone xsi:nil="true"></UPSZone>
          <UTCOffset xsi:nil="true"></UTCOffset>
          <UTCConversionTimeZoneCode xsi:nil="true"></UTCConversionTimeZoneCode>
        </Address>
      </Addresses>
    </Publisher>
    <RootComponents>
      <RootComponent type="1" schemaName="account" behavior="1" />
      <RootComponent type="1" schemaName="contact" behavior="1" />
      <RootComponent type="1" schemaName="govcdm_executiveaction" behavior="0" />
      <RootComponent type="1" schemaName="govcdm_executiveactiontype" behavior="0" />
      <RootComponent type="1" schemaName="govcdm_mou" behavior="0" />
      <RootComponent type="1" schemaName="govcdm_organizationunit" behavior="1" />
      <RootComponent type="9" schemaName="govcdm_executiveactioncategory" behavior="0" />
    </RootComponents>
    <MissingDependencies>
      <MissingDependency>
        <Required type="1" schemaName="govcdm_organizationunit" displayName="Organization Unit" solution="govcdm_core (1.0.0.4)" />
        <Dependent type="1" schemaName="govcdm_organizationunit" displayName="Organization Unit" />
      </MissingDependency>
      <MissingDependency>
        <Required type="1" schemaName="govcdm_organizationunit" displayName="Organization Unit" solution="govcdm_core (1.0.0.4)" />
        <Dependent type="10" schemaName="govcdm_executiveaction_ReceivedFromOU_govcdm_org" displayName="govcdm_executiveaction_ReceivedFromOU_govcdm_org" parentSchemaName="govcdm_organizationunit" parentDisplayName="Organization Unit" />
      </MissingDependency>
      <MissingDependency>
        <Required type="2" schemaName="govcdm_name" displayName="Name" parentSchemaName="govcdm_organizationunit" parentDisplayName="Organization Unit" solution="govcdm_core (1.0.0.4)" />
        <Dependent type="10" schemaName="govcdm_executiveaction_ReceivedFromOU_govcdm_org" displayName="govcdm_executiveaction_ReceivedFromOU_govcdm_org" parentSchemaName="govcdm_organizationunit" parentDisplayName="Organization Unit" />
      </MissingDependency>
      <MissingDependency>
        <Required type="2" schemaName="govcdm_organizationunitid" displayName="Organization Unit" parentSchemaName="govcdm_organizationunit" parentDisplayName="Organization Unit" solution="govcdm_core (1.0.0.4)" />
        <Dependent type="10" schemaName="govcdm_executiveaction_ReceivedFromOU_govcdm_org" displayName="govcdm_executiveaction_ReceivedFromOU_govcdm_org" parentSchemaName="govcdm_organizationunit" parentDisplayName="Organization Unit" />
      </MissingDependency>
      <MissingDependency>
        <Required type="9" schemaName="govcdm_actionstatus" displayName="Action Status" solution="govcdm_core (1.0.0.4)" />
        <Dependent type="2" schemaName="govcdm_actionstatus" displayName="Action Status" parentSchemaName="govcdm_executiveaction" parentDisplayName="Executive Action" />
      </MissingDependency>
      <MissingDependency>
        <Required type="9" schemaName="govcdm_methodofreceipt" displayName="Method of Receipt" solution="govcdm_core (1.0.0.4)" />
        <Dependent type="2" schemaName="govcdm_methodofreceipt" displayName="Method of Receipt" parentSchemaName="govcdm_executiveaction" parentDisplayName="Executive Action" />
      </MissingDependency>
      <MissingDependency>
        <Required type="9" schemaName="govcdm_priority" displayName="Priority" solution="govcdm_core (1.0.0.4)" />
        <Dependent type="2" schemaName="govcdm_priority" displayName="Priority" parentSchemaName="govcdm_executiveaction" parentDisplayName="Executive Action" />
      </MissingDependency>
      <MissingDependency>
        <Required type="9" schemaName="govcdm_securityclassification" displayName="Security Classification" solution="govcdm_core (1.0.0.4)" />
        <Dependent type="2" schemaName="govcdm_securityclassification" displayName="Security Classification" parentSchemaName="govcdm_executiveaction" parentDisplayName="Executive Action" />
      </MissingDependency>
    </MissingDependencies>
  </SolutionManifest>
</ImportExportXml>