﻿<?xml version="1.0" encoding="utf-8"?>
<ImportExportXml version="9.2.25043.226" SolutionPackageVersion="9.2" languagecode="1033" generatedBy="CrmLive" xmlns:xsi="http://www.w3.org/2001/XMLSchema-instance" OrganizationVersion="9.2.25043.226" OrganizationSchemaType="Standard" CRMServerServiceabilityVersion="9.2.25044.00210">
  <SolutionManifest>
    <UniqueName>govcdm_processandtasking</UniqueName>
    <LocalizedNames>
      <LocalizedName description="Gov CDM - Process and Tasking" languagecode="1033" />
    </LocalizedNames>
    <Descriptions />
    <Version>1.0.2.0</Version>
    <Managed>1</Managed>
    <Publisher>
      <UniqueName>microsoftgovcdm</UniqueName>
      <LocalizedNames>
        <LocalizedName description="Microsoft Government Common Data Model" languagecode="1033" />
      </LocalizedNames>
      <Descriptions>
        <Description description="microsoftgovcdm" languagecode="1033" />
      </Descriptions>
      <EMailAddress xsi:nil="true"></EMailAddress>
      <SupportingWebsiteUrl xsi:nil="true"></SupportingWebsiteUrl>
      <CustomizationPrefix>govcdm</CustomizationPrefix>
      <CustomizationOptionValuePrefix>16684</CustomizationOptionValuePrefix>
      <Addresses>
        <Address>
          <AddressNumber>1</AddressNumber>
          <AddressTypeCode>1</AddressTypeCode>
          <City xsi:nil="true"></City>
          <County xsi:nil="true"></County>
          <Country xsi:nil="true"></Country>
          <Fax xsi:nil="true"></Fax>
          <FreightTermsCode xsi:nil="true"></FreightTermsCode>
          <ImportSequenceNumber xsi:nil="true"></ImportSequenceNumber>
          <Latitude xsi:nil="true"></Latitude>
          <Line1 xsi:nil="true"></Line1>
          <Line2 xsi:nil="true"></Line2>
          <Line3 xsi:nil="true"></Line3>
          <Longitude xsi:nil="true"></Longitude>
          <Name xsi:nil="true"></Name>
          <PostalCode xsi:nil="true"></PostalCode>
          <PostOfficeBox xsi:nil="true"></PostOfficeBox>
          <PrimaryContactName xsi:nil="true"></PrimaryContactName>
          <ShippingMethodCode>1</ShippingMethodCode>
          <StateOrProvince xsi:nil="true"></StateOrProvince>
          <Telephone1 xsi:nil="true"></Telephone1>
          <Telephone2 xsi:nil="true"></Telephone2>
          <Telephone3 xsi:nil="true"></Telephone3>
          <TimeZoneRuleVersionNumber xsi:nil="true"></TimeZoneRuleVersionNumber>
          <UPSZone xsi:nil="true"></UPSZone>
          <UTCOffset xsi:nil="true"></UTCOffset>
          <UTCConversionTimeZoneCode xsi:nil="true"></UTCConversionTimeZoneCode>
        </Address>
        <Address>
          <AddressNumber>2</AddressNumber>
          <AddressTypeCode>1</AddressTypeCode>
          <City xsi:nil="true"></City>
          <County xsi:nil="true"></County>
          <Country xsi:nil="true"></Country>
          <Fax xsi:nil="true"></Fax>
          <FreightTermsCode xsi:nil="true"></FreightTermsCode>
          <ImportSequenceNumber xsi:nil="true"></ImportSequenceNumber>
          <Latitude xsi:nil="true"></Latitude>
          <Line1 xsi:nil="true"></Line1>
          <Line2 xsi:nil="true"></Line2>
          <Line3 xsi:nil="true"></Line3>
          <Longitude xsi:nil="true"></Longitude>
          <Name xsi:nil="true"></Name>
          <PostalCode xsi:nil="true"></PostalCode>
          <PostOfficeBox xsi:nil="true"></PostOfficeBox>
          <PrimaryContactName xsi:nil="true"></PrimaryContactName>
          <ShippingMethodCode>1</ShippingMethodCode>
          <StateOrProvince xsi:nil="true"></StateOrProvince>
          <Telephone1 xsi:nil="true"></Telephone1>
          <Telephone2 xsi:nil="true"></Telephone2>
          <Telephone3 xsi:nil="true"></Telephone3>
          <TimeZoneRuleVersionNumber xsi:nil="true"></TimeZoneRuleVersionNumber>
          <UPSZone xsi:nil="true"></UPSZone>
          <UTCOffset xsi:nil="true"></UTCOffset>
          <UTCConversionTimeZoneCode xsi:nil="true"></UTCConversionTimeZoneCode>
        </Address>
      </Addresses>
    </Publisher>
    <RootComponents>
      <RootComponent type="1" schemaName="contact" behavior="1" />
      <RootComponent type="1" schemaName="govcdm_actionassignment" behavior="0" />
      <RootComponent type="1" schemaName="govcdm_actioncategory" behavior="0" />
      <RootComponent type="1" schemaName="govcdm_actionitem" behavior="0" />
      <RootComponent type="1" schemaName="govcdm_collaborationspace" behavior="0" />
      <RootComponent type="1" schemaName="govcdm_contenttemplate" behavior="1" />
      <RootComponent type="1" schemaName="govcdm_dataentryresponse" behavior="0" />
      <RootComponent type="1" schemaName="govcdm_dataentrystep" behavior="0" />
      <RootComponent type="1" schemaName="govcdm_dataform" behavior="0" />
      <RootComponent type="1" schemaName="govcdm_discussionitem" behavior="2" />
      <RootComponent type="1" schemaName="govcdm_document" behavior="1" />
      <RootComponent type="1" schemaName="govcdm_interactiveprompt" behavior="0" />
      <RootComponent type="1" schemaName="govcdm_interactivepromptchoice" behavior="0" />
      <RootComponent type="1" schemaName="govcdm_interactivepromptchoiceoption" behavior="0" />
      <RootComponent type="1" schemaName="govcdm_interactiveresponse" behavior="0" />
      <RootComponent type="1" schemaName="govcdm_processstep" behavior="0" />
      <RootComponent type="1" schemaName="govcdm_processstepdependency" behavior="0" />
      <RootComponent type="1" schemaName="govcdm_processsteptool" behavior="0" />
      <RootComponent type="1" schemaName="govcdm_signatureapproval" behavior="1" />
      <RootComponent type="1" schemaName="systemuser" behavior="1" />
      <RootComponent type="431" schemaName="govcdm_dataentryresponse govcdm_responseimage" behavior="0" />
      <RootComponent type="431" schemaName="govcdm_interactiveresponse govcdm_responseimage" behavior="0" />
      <RootComponent type="432" schemaName="govcdm_dataentryresponse" behavior="0" />
      <RootComponent type="432" schemaName="govcdm_interactiveresponse" behavior="0" />
      <RootComponent type="61" schemaName="govcdm_actionassignmenticon" behavior="0" />
      <RootComponent type="61" schemaName="govcdm_actionitemicon" behavior="0" />
      <RootComponent type="9" schemaName="govcdm_actiontype" behavior="0" />
      <RootComponent type="9" schemaName="govcdm_assignto" behavior="0" />
      <RootComponent type="9" schemaName="govcdm_collaborationspacetype" behavior="0" />
      <RootComponent type="9" schemaName="govcdm_dataentrytype" behavior="0" />
      <RootComponent type="9" schemaName="govcdm_datecalculationmethod" behavior="0" />
      <RootComponent type="9" schemaName="govcdm_interactiveprompttype" behavior="0" />
      <RootComponent type="9" schemaName="govcdm_processingorder" behavior="0" />
    </RootComponents>
    <MissingDependencies>
      <MissingDependency>
        <Required type="1" schemaName="govcdm_contenttemplate" displayName="Content Template" solution="govcdm_core (1.0.2.0)" />
        <Dependent type="1" schemaName="govcdm_contenttemplate" displayName="Content Template" />
      </MissingDependency>
      <MissingDependency>
        <Required type="1" schemaName="govcdm_discussionitem" displayName="Discussion Item" solution="govcdm_core (1.0.2.0)" />
        <Dependent type="1" schemaName="govcdm_discussionitem" displayName="Discussion Item" />
      </MissingDependency>
      <MissingDependency>
        <Required type="1" schemaName="govcdm_document" displayName="Document" solution="govcdm_core (1.0.2.0)" />
        <Dependent type="1" schemaName="govcdm_document" displayName="Document" />
      </MissingDependency>
      <MissingDependency>
        <Required type="1" schemaName="govcdm_signatureapproval" displayName="Signature Approval" solution="govcdm_core (1.0.2.0)" />
        <Dependent type="1" schemaName="govcdm_signatureapproval" displayName="Signature Approval" />
      </MissingDependency>
      <MissingDependency>
        <Required type="2" schemaName="govcdm_name" displayName="Name" parentSchemaName="govcdm_contenttemplate" parentDisplayName="Content Template" solution="govcdm_core (1.0.2.0)" />
        <Dependent type="10" schemaName="govcdm_processstep_ContentTemplate_govcdm_contenttemplate" displayName="govcdm_processstep_ContentTemplate_govcdm_contenttemplate" parentSchemaName="govcdm_contenttemplate" parentDisplayName="Content Template" />
      </MissingDependency>
      <MissingDependency>
        <Required type="2" schemaName="govcdm_name" displayName="Name" parentSchemaName="govcdm_contenttemplate" parentDisplayName="Content Template" solution="govcdm_core (1.0.2.0)" />
        <Dependent type="10" schemaName="govcdm_processsteptool_ContentTemplate_govcdm_contenttemplate" displayName="govcdm_processsteptool_ContentTemplate_govcdm_contenttemplate" parentSchemaName="govcdm_contenttemplate" parentDisplayName="Content Template" />
      </MissingDependency>
      <MissingDependency>
        <Required type="2" schemaName="govcdm_name" displayName="Name" parentSchemaName="govcdm_document" parentDisplayName="Document" solution="govcdm_core (1.0.2.0)" />
        <Dependent type="10" schemaName="govcdm_actionassignment_Document_govcdm_document" displayName="govcdm_actionassignment_Document_govcdm_document" parentSchemaName="govcdm_document" parentDisplayName="Document" />
      </MissingDependency>
      <MissingDependency>
        <Required type="2" schemaName="govcdm_name" displayName="Name" parentSchemaName="govcdm_document" parentDisplayName="Document" solution="govcdm_core (1.0.2.0)" />
        <Dependent type="10" schemaName="govcdm_actionitem_Document_govcdm_document" displayName="govcdm_actionitem_Document_govcdm_document" parentSchemaName="govcdm_document" parentDisplayName="Document" />
      </MissingDependency>
      <MissingDependency>
        <Required type="2" schemaName="govcdm_name" displayName="Name" parentSchemaName="govcdm_signatureapproval" parentDisplayName="Signature Approval" solution="govcdm_core (1.0.2.0)" />
        <Dependent type="10" schemaName="govcdm_actionitem_SignatureApproval_govcdm_signatureapproval" displayName="govcdm_actionitem_SignatureApproval_govcdm_signatureapproval" parentSchemaName="govcdm_signatureapproval" parentDisplayName="Signature Approval" />
      </MissingDependency>
      <MissingDependency>
        <Required type="2" schemaName="govcdm_name" displayName="Name" parentSchemaName="govcdm_signatureapproval" parentDisplayName="Signature Approval" solution="govcdm_core (1.0.2.0)" />
        <Dependent type="10" schemaName="govcdm_govcdm_actionassignment_SignatureApproval" displayName="govcdm_govcdm_actionassignment_SignatureApproval" parentSchemaName="govcdm_signatureapproval" parentDisplayName="Signature Approval" />
      </MissingDependency>
      <MissingDependency>
        <Required type="61" schemaName="govcdm_documentsicon" displayName="govcdm_documentsicon" solution="govcdm_core (1.0.2.0)" />
        <Dependent type="1" schemaName="govcdm_document" displayName="Document" />
      </MissingDependency>
      <MissingDependency>
        <Required type="9" schemaName="govcdm_actionstatus" displayName="Action Status" solution="govcdm_core (1.0.2.0)" />
        <Dependent type="2" schemaName="govcdm_actionstatus" displayName="Action Status" parentSchemaName="govcdm_actionassignment" parentDisplayName="Action Assignment" />
      </MissingDependency>
      <MissingDependency>
        <Required type="9" schemaName="govcdm_actionstatus" displayName="Action Status" solution="govcdm_core (1.0.2.0)" />
        <Dependent type="2" schemaName="govcdm_actionstatus" displayName="Action Status" parentSchemaName="govcdm_actionitem" parentDisplayName="Action Item" />
      </MissingDependency>
      <MissingDependency>
        <Required type="9" schemaName="govcdm_yesno" displayName="Yes No" solution="govcdm_core (1.0.2.0)" />
        <Dependent type="2" schemaName="govcdm_ispaused" displayName="Is Paused" parentSchemaName="govcdm_actionassignment" parentDisplayName="Action Assignment" />
      </MissingDependency>
      <MissingDependency>
        <Required type="9" schemaName="govcdm_yesno" displayName="Yes No" solution="govcdm_core (1.0.2.0)" />
        <Dependent type="2" schemaName="govcdm_ispaused" displayName="Is Paused" parentSchemaName="govcdm_actionitem" parentDisplayName="Action Item" />
      </MissingDependency>
      <MissingDependency>
        <Required type="9" schemaName="govcdm_yesno" displayName="Yes No" solution="govcdm_core (1.0.2.0)" />
        <Dependent type="2" schemaName="govcdm_validforcreate" displayName="Valid for Create" parentSchemaName="govcdm_dataentrystep" parentDisplayName="Data Entry Step" />
      </MissingDependency>
      <MissingDependency>
        <Required type="9" schemaName="govcdm_yesno" displayName="Yes No" solution="govcdm_core (1.0.2.0)" />
        <Dependent type="2" schemaName="govcdm_validforcreate" displayName="Valid for Create" parentSchemaName="govcdm_dataform" parentDisplayName="Data Form" />
      </MissingDependency>
      <MissingDependency>
        <Required type="9" schemaName="govcdm_yesno" displayName="Yes No" solution="govcdm_core (1.0.2.0)" />
        <Dependent type="2" schemaName="govcdm_enablesubmissioninfo" displayName="Enable Submission Info" parentSchemaName="govcdm_processstep" parentDisplayName="Process Step" />
      </MissingDependency>
    </MissingDependencies>
  </SolutionManifest>
</ImportExportXml>