﻿<?xml version="1.0" encoding="utf-8"?>
<ImportExportXml version="9.2.25051.206" SolutionPackageVersion="9.2" languagecode="1033" generatedBy="CrmLive" xmlns:xsi="http://www.w3.org/2001/XMLSchema-instance" OrganizationVersion="9.2.25051.206" OrganizationSchemaType="Standard" CRMServerServiceabilityVersion="9.2.25051.00206">
  <SolutionManifest>
    <UniqueName>govcdm_workplacedispute</UniqueName>
    <LocalizedNames>
      <LocalizedName description="Gov CDM - Workplace Dispute" languagecode="1033" />
    </LocalizedNames>
    <Descriptions />
    <Version>1.0.0.1</Version>
    <Managed>0</Managed>
    <Publisher>
      <UniqueName>microsoftgovcdm</UniqueName>
      <LocalizedNames>
        <LocalizedName description="Microsoft Government Common Data Model" languagecode="1033" />
      </LocalizedNames>
      <Descriptions>
        <Description description="microsoftgovcdm" languagecode="1033" />
      </Descriptions>
      <EMailAddress xsi:nil="true"></EMailAddress>
      <SupportingWebsiteUrl xsi:nil="true"></SupportingWebsiteUrl>
      <CustomizationPrefix>govcdm</CustomizationPrefix>
      <CustomizationOptionValuePrefix>16684</CustomizationOptionValuePrefix>
      <Addresses>
        <Address>
          <AddressNumber>1</AddressNumber>
          <AddressTypeCode>1</AddressTypeCode>
          <City xsi:nil="true"></City>
          <County xsi:nil="true"></County>
          <Country xsi:nil="true"></Country>
          <Fax xsi:nil="true"></Fax>
          <FreightTermsCode xsi:nil="true"></FreightTermsCode>
          <ImportSequenceNumber xsi:nil="true"></ImportSequenceNumber>
          <Latitude xsi:nil="true"></Latitude>
          <Line1 xsi:nil="true"></Line1>
          <Line2 xsi:nil="true"></Line2>
          <Line3 xsi:nil="true"></Line3>
          <Longitude xsi:nil="true"></Longitude>
          <Name xsi:nil="true"></Name>
          <PostalCode xsi:nil="true"></PostalCode>
          <PostOfficeBox xsi:nil="true"></PostOfficeBox>
          <PrimaryContactName xsi:nil="true"></PrimaryContactName>
          <ShippingMethodCode>1</ShippingMethodCode>
          <StateOrProvince xsi:nil="true"></StateOrProvince>
          <Telephone1 xsi:nil="true"></Telephone1>
          <Telephone2 xsi:nil="true"></Telephone2>
          <Telephone3 xsi:nil="true"></Telephone3>
          <TimeZoneRuleVersionNumber xsi:nil="true"></TimeZoneRuleVersionNumber>
          <UPSZone xsi:nil="true"></UPSZone>
          <UTCOffset xsi:nil="true"></UTCOffset>
          <UTCConversionTimeZoneCode xsi:nil="true"></UTCConversionTimeZoneCode>
        </Address>
        <Address>
          <AddressNumber>2</AddressNumber>
          <AddressTypeCode>1</AddressTypeCode>
          <City xsi:nil="true"></City>
          <County xsi:nil="true"></County>
          <Country xsi:nil="true"></Country>
          <Fax xsi:nil="true"></Fax>
          <FreightTermsCode xsi:nil="true"></FreightTermsCode>
          <ImportSequenceNumber xsi:nil="true"></ImportSequenceNumber>
          <Latitude xsi:nil="true"></Latitude>
          <Line1 xsi:nil="true"></Line1>
          <Line2 xsi:nil="true"></Line2>
          <Line3 xsi:nil="true"></Line3>
          <Longitude xsi:nil="true"></Longitude>
          <Name xsi:nil="true"></Name>
          <PostalCode xsi:nil="true"></PostalCode>
          <PostOfficeBox xsi:nil="true"></PostOfficeBox>
          <PrimaryContactName xsi:nil="true"></PrimaryContactName>
          <ShippingMethodCode>1</ShippingMethodCode>
          <StateOrProvince xsi:nil="true"></StateOrProvince>
          <Telephone1 xsi:nil="true"></Telephone1>
          <Telephone2 xsi:nil="true"></Telephone2>
          <Telephone3 xsi:nil="true"></Telephone3>
          <TimeZoneRuleVersionNumber xsi:nil="true"></TimeZoneRuleVersionNumber>
          <UPSZone xsi:nil="true"></UPSZone>
          <UTCOffset xsi:nil="true"></UTCOffset>
          <UTCConversionTimeZoneCode xsi:nil="true"></UTCConversionTimeZoneCode>
        </Address>
      </Addresses>
    </Publisher>
    <RootComponents>
      <RootComponent type="1" schemaName="contact" behavior="1" />
      <RootComponent type="1" schemaName="govcdm_adr" behavior="0" />
      <RootComponent type="1" schemaName="govcdm_adrperson" behavior="0" />
      <RootComponent type="1" schemaName="govcdm_adrsession" behavior="0" />
      <RootComponent type="1" schemaName="govcdm_eeocase" behavior="0" />
      <RootComponent type="1" schemaName="govcdm_eeocaseclaim" behavior="0" />
      <RootComponent type="1" schemaName="govcdm_eeocasedecision" behavior="0" />
      <RootComponent type="1" schemaName="govcdm_eeocaseinvestigation" behavior="0" />
      <RootComponent type="1" schemaName="govcdm_eeocaseperson" behavior="0" />
      <RootComponent type="1" schemaName="govcdm_eeoinquiry" behavior="0" />
      <RootComponent type="1" schemaName="govcdm_grievance" behavior="0" />
      <RootComponent type="1" schemaName="govcdm_harassmentcase" behavior="0" />
      <RootComponent type="1" schemaName="govcdm_harassmentcaseclaim" behavior="0" />
      <RootComponent type="1" schemaName="govcdm_harassmentcasedecision" behavior="0" />
      <RootComponent type="1" schemaName="govcdm_harassmentcaseinvestigation" behavior="0" />
      <RootComponent type="1" schemaName="govcdm_harassmentcaseperson" behavior="0" />
      <RootComponent type="1" schemaName="govcdm_harassmentinquiry" behavior="0" />
      <RootComponent type="1" schemaName="govcdm_location" behavior="1" />
      <RootComponent type="1" schemaName="govcdm_organizationunit" behavior="1" />
    </RootComponents>
    <MissingDependencies>
      <MissingDependency>
        <Required type="1" schemaName="govcdm_location" displayName="Location" solution="govcdm_core (1.0.2.0)" />
        <Dependent type="1" schemaName="govcdm_location" displayName="Location" />
      </MissingDependency>
      <MissingDependency>
        <Required type="1" schemaName="govcdm_organizationunit" displayName="Organization Unit" solution="govcdm_core (1.0.2.0)" />
        <Dependent type="1" schemaName="govcdm_organizationunit" displayName="Organization Unit" />
      </MissingDependency>
      <MissingDependency>
        <Required type="2" schemaName="govcdm_name" displayName="Name" parentSchemaName="govcdm_location" parentDisplayName="Location" solution="govcdm_core (1.0.2.0)" />
        <Dependent type="10" schemaName="govcdm_eeoinquiry_IncidentLocation_govcdm_location" displayName="govcdm_eeoinquiry_IncidentLocation_govcdm_location" parentSchemaName="govcdm_location" parentDisplayName="Location" />
      </MissingDependency>
      <MissingDependency>
        <Required type="2" schemaName="govcdm_name" displayName="Name" parentSchemaName="govcdm_location" parentDisplayName="Location" solution="govcdm_core (1.0.2.0)" />
        <Dependent type="10" schemaName="govcdm_grievance_Location_govcdm_location" displayName="govcdm_grievance_Location_govcdm_location" parentSchemaName="govcdm_location" parentDisplayName="Location" />
      </MissingDependency>
      <MissingDependency>
        <Required type="2" schemaName="govcdm_name" displayName="Name" parentSchemaName="govcdm_organizationunit" parentDisplayName="Organization Unit" solution="govcdm_core (1.0.2.0)" />
        <Dependent type="10" schemaName="govcdm_eeoinquiry_OrganizationUnit_govcdm_organizationunit" displayName="govcdm_eeoinquiry_OrganizationUnit_govcdm_organizationunit" parentSchemaName="govcdm_organizationunit" parentDisplayName="Organization Unit" />
      </MissingDependency>
      <MissingDependency>
        <Required type="2" schemaName="govcdm_name" displayName="Name" parentSchemaName="govcdm_organizationunit" parentDisplayName="Organization Unit" solution="govcdm_core (1.0.2.0)" />
        <Dependent type="10" schemaName="govcdm_grievance_OrganizationUnit_govcdm_organizationunit" displayName="govcdm_grievance_OrganizationUnit_govcdm_organizationunit" parentSchemaName="govcdm_organizationunit" parentDisplayName="Organization Unit" />
      </MissingDependency>
      <MissingDependency>
        <Required type="9" schemaName="govcdm_methodofreceipt" displayName="Method of Receipt" solution="govcdm_core (1.0.2.0)" />
        <Dependent type="2" schemaName="govcdm_methodofreceipt" displayName="Method of Receipt" parentSchemaName="govcdm_eeoinquiry" parentDisplayName="EEO Inquiry" />
      </MissingDependency>
      <MissingDependency>
        <Required type="9" schemaName="govcdm_requeststatus" displayName="Request Status" solution="govcdm_core (1.0.2.0)" />
        <Dependent type="2" schemaName="govcdm_inquirystatus" displayName="Inquiry Status" parentSchemaName="govcdm_eeoinquiry" parentDisplayName="EEO Inquiry" />
      </MissingDependency>
      <MissingDependency>
        <Required type="9" schemaName="govcdm_requeststatus" displayName="Request Status" solution="govcdm_core (1.0.2.0)" />
        <Dependent type="2" schemaName="govcdm_submissionstatus" displayName="Submission Status" parentSchemaName="govcdm_grievance" parentDisplayName="Grievance" />
      </MissingDependency>
      <MissingDependency>
        <Required type="9" schemaName="govcdm_yesno" displayName="Yes No" solution="govcdm_core (1.0.2.0)" />
        <Dependent type="2" schemaName="govcdm_grievancefiledwithunion" displayName="Grievance Filed With Union" parentSchemaName="govcdm_grievance" parentDisplayName="Grievance" />
      </MissingDependency>
      <MissingDependency>
        <Required type="9" schemaName="govcdm_yesno" displayName="Yes No" solution="govcdm_core (1.0.2.0)" />
        <Dependent type="2" schemaName="govcdm_interestedinadr" displayName="Interested in ADR" parentSchemaName="govcdm_grievance" parentDisplayName="Grievance" />
      </MissingDependency>
      <MissingDependency>
        <Required type="9" schemaName="govcdm_yesno" displayName="Yes No" solution="govcdm_core (1.0.2.0)" />
        <Dependent type="2" schemaName="govcdm_oralpresentationrequested" displayName="Oral Presentation Requested" parentSchemaName="govcdm_grievance" parentDisplayName="Grievance" />
      </MissingDependency>
      <MissingDependency>
        <Required type="9" schemaName="govcdm_yesno" displayName="Yes No" solution="govcdm_core (1.0.2.0)" />
        <Dependent type="2" schemaName="govcdm_unioninvolvement" displayName="Union Involvement" parentSchemaName="govcdm_grievance" parentDisplayName="Grievance" />
      </MissingDependency>
    </MissingDependencies>
  </SolutionManifest>
</ImportExportXml>